{
    "joy": 0.9015148878097534,
    "neutral": 0.03165102005004883,
    "approval": 0.029051905497908592,
    "relief": 0.027474533766508102,
    "admiration": 0.023572470992803574,
    "excitement": 0.02177692949771881,
    "gratitude": 0.01667937822639942,
    "caring": 0.014087832532823086,
    "love": 0.01392859686166048,
    "amusement": 0.01130802184343338,
    "optimism": 0.00725060747936368,
    "realization": 0.007248009089380503,
    "annoyance": 0.006373848766088486,
    "disapproval": 0.005400777794420719,
    "pride": 0.00524249067530036,
    "sadness": 0.004360994789749384,
    "confusion": 0.0036030635237693787,
    "anger": 0.0032307428773492575,
    "desire": 0.002579778665676713,
    "disappointment": 0.002122070174664259,
    "curiosity": 0.001963208895176649,
    "surprise": 0.0018042258452624083,
    "nervousness": 0.0017071471083909273,
    "grief": 0.0011856056516990066,
    "remorse": 0.0011262980988249183,
    "embarrassment": 0.0010109767317771912,
    "fear": 0.0008266883669421077,
    "disgust": 0.0006829743506386876
}