{
    "disappointment": 0.6213515400886536,
    "annoyance": 0.21751609444618225,
    "sadness": 0.19453969597816467,
    "disapproval": 0.0629664734005928,
    "neutral": 0.038310352712869644,
    "anger": 0.021170498803257942,
    "realization": 0.013557804748415947,
    "disgust": 0.01091034710407257,
    "approval": 0.009336681105196476,
    "embarrassment": 0.007391526363790035,
    "nervousness": 0.006050179712474346,
    "desire": 0.004536021966487169,
    "joy": 0.004209159407764673,
    "remorse": 0.0041832332499325275,
    "optimism": 0.004002604633569717,
    "caring": 0.002767278579995036,
    "admiration": 0.00248144194483757,
    "confusion": 0.002460096264258027,
    "grief": 0.002454166067764163,
    "love": 0.0023945998400449753,
    "excitement": 0.002260983921587467,
    "fear": 0.0020483611151576042,
    "relief": 0.0019058462930843234,
    "surprise": 0.0018774190684780478,
    "curiosity": 0.0018671659054234624,
    "amusement": 0.0016720981802791357,
    "gratitude": 0.000793689803685993,
    "pride": 0.00060223788022995
}