{
    "excitement": 0.6758752465248108,
    "joy": 0.42871272563934326,
    "neutral": 0.028286315500736237,
    "curiosity": 0.027779947966337204,
    "approval": 0.02096165530383587,
    "admiration": 0.013596032746136189,
    "gratitude": 0.013565205968916416,
    "amusement": 0.009741416200995445,
    "desire": 0.009687273763120174,
    "surprise": 0.008195549249649048,
    "love": 0.008104786276817322,
    "confusion": 0.007553308270871639,
    "optimism": 0.004993069916963577,
    "relief": 0.004768575541675091,
    "caring": 0.004556186962872744,
    "annoyance": 0.004380390048027039,
    "disapproval": 0.004366698209196329,
    "realization": 0.0038299376610666513,
    "nervousness": 0.002429982414469123,
    "anger": 0.002303012879565358,
    "pride": 0.0021976158022880554,
    "sadness": 0.0017561869462952018,
    "disappointment": 0.00143900525290519,
    "fear": 0.0012777079828083515,
    "disgust": 0.0010727134067565203,
    "embarrassment": 0.0008814024040475488,
    "remorse": 0.0007269443012773991,
    "grief": 0.0005933633656241
}