{
    "love": 0.9514487981796265,
    "approval": 0.018503444269299507,
    "neutral": 0.015960192307829857,
    "admiration": 0.012876421213150024,
    "joy": 0.01249387115240097,
    "desire": 0.008293194696307182,
    "gratitude": 0.007680974900722504,
    "optimism": 0.006918673403561115,
    "sadness": 0.006187050137668848,
    "realization": 0.0061273882165551186,
    "excitement": 0.005615939386188984,
    "disappointment": 0.004723421297967434,
    "annoyance": 0.004414835013449192,
    "disapproval": 0.003972877282649279,
    "anger": 0.0037629855796694756,
    "caring": 0.0037122704088687897,
    "confusion": 0.003147587412968278,
    "amusement": 0.002957933582365513,
    "surprise": 0.002828010590746999,
    "remorse": 0.0022111202124506235,
    "disgust": 0.002143045188859105,
    "curiosity": 0.0018697198247537017,
    "fear": 0.0012586471857503057,
    "nervousness": 0.0008720534387975931,
    "embarrassment": 0.0007200865657068789,
    "grief": 0.0005479094106703997,
    "relief": 0.0005302840727381408,
    "pride": 0.0004276879190001637
}