{
    "joy": 0.8858372569084167,
    "neutral": 0.03722091764211655,
    "approval": 0.026817865669727325,
    "relief": 0.02599337510764599,
    "admiration": 0.022465841844677925,
    "gratitude": 0.017436707392334938,
    "excitement": 0.016498098149895668,
    "caring": 0.015599697828292847,
    "amusement": 0.013002180494368076,
    "love": 0.009155955165624619,
    "optimism": 0.008799169212579727,
    "realization": 0.006521652918308973,
    "annoyance": 0.005796140059828758,
    "disapproval": 0.00504092313349247,
    "pride": 0.004764481447637081,
    "sadness": 0.004039053805172443,
    "confusion": 0.0033986191265285015,
    "anger": 0.002848079428076744,
    "desire": 0.00234016589820385,
    "disappointment": 0.0019380546873435378,
    "curiosity": 0.001656753825955093,
    "nervousness": 0.0015372122870758176,
    "surprise": 0.0013743011513724923,
    "remorse": 0.0011092055356130004,
    "grief": 0.001090328092686832,
    "embarrassment": 0.000894830038305372,
    "fear": 0.0007539504440501332,
    "disgust": 0.000615977740380913
}