{
    "neutral": 0.9549601674079895,
    "approval": 0.02292032539844513,
    "disapproval": 0.009044056758284569,
    "realization": 0.008665136992931366,
    "annoyance": 0.006453514564782381,
    "disappointment": 0.005593896843492985,
    "admiration": 0.004978002514690161,
    "sadness": 0.0023011553566902876,
    "optimism": 0.002142632147297263,
    "confusion": 0.0020893895998597145,
    "excitement": 0.001905130920931697,
    "joy": 0.0016943654045462608,
    "anger": 0.0015344716375693679,
    "disgust": 0.0014689195668324828,
    "gratitude": 0.001370572834275663,
    "amusement": 0.0010898259934037924,
    "fear": 0.0010508577106520534,
    "desire": 0.0010161622194573283,
    "curiosity": 0.0009845232125371695,
    "surprise": 0.0009003463201224804,
    "love": 0.0008973359945230186,
    "caring": 0.0008596854167990386,
    "embarrassment": 0.0006433890666812658,
    "relief": 0.0005002192920073867,
    "pride": 0.0004335326957516372,
    "remorse": 0.0004028234106954187,
    "grief": 0.0003901346353814006,
    "nervousness": 0.00035461984225548804
}