{
    "excitement": 0.7676159143447876,
    "joy": 0.28627559542655945,
    "neutral": 0.03449493646621704,
    "approval": 0.01993969827890396,
    "curiosity": 0.017875775694847107,
    "admiration": 0.01285353023558855,
    "amusement": 0.012027408927679062,
    "surprise": 0.010104470886290073,
    "gratitude": 0.008800424635410309,
    "love": 0.008478382602334023,
    "confusion": 0.0063089365139603615,
    "desire": 0.006248485762625933,
    "caring": 0.005842560902237892,
    "optimism": 0.005283243488520384,
    "nervousness": 0.005004154518246651,
    "annoyance": 0.004329053685069084,
    "relief": 0.0041564712300896645,
    "disapproval": 0.003983700182288885,
    "realization": 0.003725324524566531,
    "fear": 0.0030784106347709894,
    "pride": 0.002316503319889307,
    "anger": 0.0022801016457378864,
    "sadness": 0.0022121621295809746,
    "disappointment": 0.0015871714567765594,
    "disgust": 0.0012735079508274794,
    "embarrassment": 0.0011407275451347232,
    "remorse": 0.0007366667850874364,
    "grief": 0.0006782267009839416
}