{
    "neutral": 0.9022930860519409,
    "disgust": 0.026960670948028564,
    "annoyance": 0.011968160979449749,
    "approval": 0.011724605225026608,
    "amusement": 0.009685252793133259,
    "embarrassment": 0.0074400221928954124,
    "admiration": 0.006549594458192587,
    "anger": 0.006469573825597763,
    "excitement": 0.0064116292633116245,
    "fear": 0.006101861130446196,
    "realization": 0.005708524025976658,
    "disappointment": 0.005526548717170954,
    "love": 0.005150659941136837,
    "sadness": 0.004117947071790695,
    "joy": 0.0039716376923024654,
    "surprise": 0.0035225646570324898,
    "disapproval": 0.003474089317023754,
    "desire": 0.0021414081566035748,
    "confusion": 0.001704492955468595,
    "curiosity": 0.0014513713540509343,
    "remorse": 0.0012296611675992608,
    "pride": 0.001217232900671661,
    "optimism": 0.0011094845831394196,
    "grief": 0.0010390017414465547,
    "gratitude": 0.0008720678742974997,
    "caring": 0.000812590413261205,
    "relief": 0.0006527966470457613,
    "nervousness": 0.00065250089392066
}