{
    "joy": 0.8325737714767456,
    "excitement": 0.04779861494898796,
    "neutral": 0.040189459919929504,
    "gratitude": 0.022388722747564316,
    "admiration": 0.017372440546751022,
    "relief": 0.014943168498575687,
    "approval": 0.014659177511930466,
    "love": 0.013102062977850437,
    "caring": 0.011615955270826817,
    "optimism": 0.006024846341460943,
    "amusement": 0.004932604264467955,
    "annoyance": 0.004399302415549755,
    "realization": 0.0037209345027804375,
    "pride": 0.0035554205533117056,
    "sadness": 0.003151590470224619,
    "confusion": 0.003105275798588991,
    "disapproval": 0.003041307209059596,
    "desire": 0.0028941321652382612,
    "anger": 0.0026608239859342575,
    "curiosity": 0.002178263384848833,
    "surprise": 0.0018783039413392544,
    "nervousness": 0.001574404537677765,
    "disappointment": 0.0015298729995265603,
    "grief": 0.0009410770144313574,
    "fear": 0.000896840647328645,
    "remorse": 0.0007236382807604969,
    "disgust": 0.000633029208984226,
    "embarrassment": 0.0006174339214339852
}