{
    "anger": 0.794631838798523,
    "annoyance": 0.10767312347888947,
    "neutral": 0.10370789468288422,
    "curiosity": 0.013277510181069374,
    "disapproval": 0.012620985507965088,
    "sadness": 0.010540603660047054,
    "confusion": 0.007490688003599644,
    "disgust": 0.007355325389653444,
    "caring": 0.005845292005687952,
    "disappointment": 0.005750699434429407,
    "joy": 0.0054895952343940735,
    "admiration": 0.005001681856811047,
    "approval": 0.0047239926643669605,
    "fear": 0.0043371012434363365,
    "realization": 0.0036537691485136747,
    "amusement": 0.00343182310461998,
    "surprise": 0.0032240315340459347,
    "love": 0.003177732927724719,
    "excitement": 0.003064739517867565,
    "optimism": 0.0028578597120940685,
    "gratitude": 0.0020946075674146414,
    "embarrassment": 0.0018676531035453081,
    "grief": 0.0015125429490581155,
    "desire": 0.001442013424821198,
    "remorse": 0.0012264730175957084,
    "nervousness": 0.0010412039700895548,
    "pride": 0.0007286479813046753,
    "relief": 0.000457664777059108
}