{
    "neutral": 0.9493263959884644,
    "approval": 0.03748492896556854,
    "realization": 0.008156673051416874,
    "annoyance": 0.006190587300807238,
    "admiration": 0.0036443311255425215,
    "disapproval": 0.003561947029083967,
    "disappointment": 0.002667804481461644,
    "optimism": 0.0021323743276298046,
    "confusion": 0.0019863652996718884,
    "excitement": 0.0014533755602315068,
    "disgust": 0.0013328545028343797,
    "anger": 0.0011872227769345045,
    "curiosity": 0.001152100507169962,
    "sadness": 0.0011447169817984104,
    "desire": 0.0010291680227965117,
    "joy": 0.0010106151457875967,
    "love": 0.001007314189337194,
    "amusement": 0.0009882724843919277,
    "gratitude": 0.0008725525112822652,
    "caring": 0.0007365942001342773,
    "fear": 0.0006232442101463675,
    "surprise": 0.000497183355037123,
    "embarrassment": 0.00032592457137070596,
    "relief": 0.0003018032293766737,
    "pride": 0.0002406901476206258,
    "remorse": 0.00022192785399965942,
    "grief": 0.00019105439423583448,
    "nervousness": 0.00018212698341812938
}