{
    "joy": 0.6954982876777649,
    "approval": 0.14412613213062286,
    "neutral": 0.12344105541706085,
    "relief": 0.12236322462558746,
    "caring": 0.03932543098926544,
    "excitement": 0.03235169127583504,
    "admiration": 0.028273113071918488,
    "realization": 0.02166840061545372,
    "gratitude": 0.015138617716729641,
    "pride": 0.014932902529835701,
    "optimism": 0.010204487480223179,
    "amusement": 0.006218616385012865,
    "nervousness": 0.006018031854182482,
    "annoyance": 0.005428549367934465,
    "sadness": 0.004794709850102663,
    "disapproval": 0.004513741936534643,
    "confusion": 0.002608825918287039,
    "love": 0.0025752773508429527,
    "disappointment": 0.0024927884805947542,
    "desire": 0.0024333703331649303,
    "surprise": 0.002190573373809457,
    "fear": 0.002178807742893696,
    "grief": 0.001829784014262259,
    "curiosity": 0.0016550495056435466,
    "embarrassment": 0.0014361856738105416,
    "anger": 0.0012438466073945165,
    "remorse": 0.0009664702811278403,
    "disgust": 0.0007988703437149525
}