{
    "sadness": 0.9110276699066162,
    "disappointment": 0.06329158693552017,
    "grief": 0.03364190086722374,
    "neutral": 0.023605745285749435,
    "remorse": 0.019003570079803467,
    "annoyance": 0.011201726272702217,
    "realization": 0.010823436081409454,
    "caring": 0.010574021376669407,
    "approval": 0.008839359506964684,
    "admiration": 0.008297348394989967,
    "love": 0.007472665514796972,
    "disapproval": 0.007035376969724894,
    "anger": 0.006472453009337187,
    "joy": 0.00577701348811388,
    "amusement": 0.0057185059413313866,
    "nervousness": 0.004990780260413885,
    "disgust": 0.004809777718037367,
    "curiosity": 0.004451700486242771,
    "fear": 0.004048244562000036,
    "desire": 0.00388203258626163,
    "gratitude": 0.0037744250148534775,
    "confusion": 0.0026924898847937584,
    "surprise": 0.0026911539025604725,
    "optimism": 0.002521099289879203,
    "embarrassment": 0.002039070473983884,
    "excitement": 0.001966662472113967,
    "relief": 0.0019425507634878159,
    "pride": 0.0004596166836563498
}