{
    "joy": 0.8513876795768738,
    "neutral": 0.04092562571167946,
    "excitement": 0.028437936678528786,
    "love": 0.01801467314362526,
    "approval": 0.01765228435397148,
    "gratitude": 0.01691821962594986,
    "admiration": 0.015920713543891907,
    "relief": 0.015183393843472004,
    "caring": 0.013663644902408123,
    "amusement": 0.00656132074072957,
    "optimism": 0.006360764615237713,
    "annoyance": 0.00463167205452919,
    "disapproval": 0.0038895998150110245,
    "realization": 0.003830359783023596,
    "confusion": 0.0037761004641652107,
    "sadness": 0.0034354792442172766,
    "desire": 0.002868164796382189,
    "anger": 0.0028079585172235966,
    "pride": 0.002785984892398119,
    "curiosity": 0.0023526542354375124,
    "disappointment": 0.0016292816726490855,
    "nervousness": 0.00148653460200876,
    "surprise": 0.001395588624291122,
    "grief": 0.0008825789554975927,
    "remorse": 0.0007932274602353573,
    "fear": 0.000783441006205976,
    "embarrassment": 0.0006111649563536048,
    "disgust": 0.0006029577925801277
}