{
    "joy": 0.8858373761177063,
    "neutral": 0.03722092881798744,
    "approval": 0.02681785449385643,
    "relief": 0.025993380695581436,
    "admiration": 0.022465836256742477,
    "gratitude": 0.01743669994175434,
    "excitement": 0.016498107463121414,
    "caring": 0.015599697828292847,
    "amusement": 0.013002168387174606,
    "love": 0.009155960753560066,
    "optimism": 0.008799164555966854,
    "realization": 0.006521655712276697,
    "annoyance": 0.005796140059828758,
    "disapproval": 0.005040920339524746,
    "pride": 0.004764479584991932,
    "sadness": 0.004039054270833731,
    "confusion": 0.003398619359359145,
    "anger": 0.002848078031092882,
    "desire": 0.0023401668295264244,
    "disappointment": 0.0019380537560209632,
    "curiosity": 0.0016567553393542767,
    "nervousness": 0.0015372122870758176,
    "surprise": 0.0013743031304329634,
    "remorse": 0.0011092065833508968,
    "grief": 0.0010903285583481193,
    "embarrassment": 0.0008948304457589984,
    "fear": 0.0007539503276348114,
    "disgust": 0.0006159783806651831
}