{
    "neutral": 0.9163813591003418,
    "approval": 0.03951167315244675,
    "admiration": 0.012873862870037556,
    "joy": 0.009971771389245987,
    "realization": 0.00887655932456255,
    "annoyance": 0.008485853672027588,
    "love": 0.007505673915147781,
    "excitement": 0.0057530878111720085,
    "disappointment": 0.004031130112707615,
    "amusement": 0.0037035085260868073,
    "disgust": 0.0025766114704310894,
    "sadness": 0.00240087672136724,
    "anger": 0.002202517818659544,
    "disapproval": 0.002021536696702242,
    "pride": 0.0015738417860120535,
    "optimism": 0.0013780909357592463,
    "desire": 0.0013233935460448265,
    "embarrassment": 0.001087735639885068,
    "relief": 0.0010440307669341564,
    "surprise": 0.00101259327493608,
    "caring": 0.0010090310825034976,
    "fear": 0.0008473376510664821,
    "gratitude": 0.0007492711301892996,
    "confusion": 0.0006943272310309112,
    "grief": 0.0005136454710736871,
    "curiosity": 0.00048205850180238485,
    "remorse": 0.000459911156212911,
    "nervousness": 0.00034320136182941496
}