{
    "joy": 0.8547046184539795,
    "admiration": 0.08536563068628311,
    "approval": 0.056890569627285004,
    "relief": 0.04150664433836937,
    "neutral": 0.040985506027936935,
    "excitement": 0.029405051842331886,
    "caring": 0.024732233956456184,
    "gratitude": 0.019494537264108658,
    "pride": 0.012320853769779205,
    "love": 0.010660353116691113,
    "optimism": 0.01054413989186287,
    "realization": 0.007715086918324232,
    "amusement": 0.006173165515065193,
    "annoyance": 0.0044026789255440235,
    "disapproval": 0.004185512196272612,
    "sadness": 0.002968223998323083,
    "desire": 0.0023967388551682234,
    "confusion": 0.002391273621469736,
    "surprise": 0.0019043574575334787,
    "anger": 0.0018405100563541055,
    "disappointment": 0.0017180002760142088,
    "nervousness": 0.001641260925680399,
    "curiosity": 0.0014815764734521508,
    "grief": 0.0013123645912855864,
    "remorse": 0.0008542303694412112,
    "embarrassment": 0.0008078310638666153,
    "fear": 0.0007970997830852866,
    "disgust": 0.0005805242690257728
}