{
    "joy": 0.8325739502906799,
    "excitement": 0.047798510640859604,
    "neutral": 0.040189482271671295,
    "gratitude": 0.022388653829693794,
    "admiration": 0.01737242564558983,
    "relief": 0.014943182468414307,
    "approval": 0.014659177511930466,
    "love": 0.013102050870656967,
    "caring": 0.011615949682891369,
    "optimism": 0.006024849601089954,
    "amusement": 0.004932606592774391,
    "annoyance": 0.00439930846914649,
    "realization": 0.003720936132594943,
    "pride": 0.0035554200876504183,
    "sadness": 0.0031515948940068483,
    "confusion": 0.003105276031419635,
    "disapproval": 0.0030413090717047453,
    "desire": 0.002894133562222123,
    "anger": 0.00266083050519228,
    "curiosity": 0.0021782678086310625,
    "surprise": 0.0018783039413392544,
    "nervousness": 0.001574403839185834,
    "disappointment": 0.0015298736980184913,
    "grief": 0.0009410774218849838,
    "fear": 0.0008968401816673577,
    "remorse": 0.0007236393284983933,
    "disgust": 0.0006330295000225306,
    "embarrassment": 0.0006174348527565598
}