{
    "sadness": 0.9056174755096436,
    "disappointment": 0.0739174634218216,
    "grief": 0.029597263783216476,
    "neutral": 0.027069680392742157,
    "remorse": 0.019526036456227303,
    "annoyance": 0.010856086388230324,
    "realization": 0.010305304080247879,
    "caring": 0.008354268968105316,
    "approval": 0.00799591839313507,
    "admiration": 0.007253885734826326,
    "disapproval": 0.007085581310093403,
    "love": 0.006761506199836731,
    "anger": 0.005709603428840637,
    "joy": 0.005437526386231184,
    "amusement": 0.005200043320655823,
    "nervousness": 0.004664084408432245,
    "disgust": 0.004367519170045853,
    "curiosity": 0.003965048585087061,
    "fear": 0.003621745854616165,
    "desire": 0.003528756322339177,
    "gratitude": 0.003269008593633771,
    "confusion": 0.0026014908216893673,
    "surprise": 0.0025184708647429943,
    "optimism": 0.0024180756881833076,
    "embarrassment": 0.0020585074089467525,
    "relief": 0.0017827367410063744,
    "excitement": 0.0017623811727389693,
    "pride": 0.0004159024974796921
}