{
    "joy": 0.8513877987861633,
    "neutral": 0.04092564061284065,
    "excitement": 0.0284378994256258,
    "love": 0.01801464892923832,
    "approval": 0.017652275040745735,
    "gratitude": 0.016918227076530457,
    "admiration": 0.015920700505375862,
    "relief": 0.015183407813310623,
    "caring": 0.013663659803569317,
    "amusement": 0.006561314221471548,
    "optimism": 0.006360755302011967,
    "annoyance": 0.004631678108125925,
    "disapproval": 0.003889605402946472,
    "realization": 0.0038303628098219633,
    "confusion": 0.0037761058192700148,
    "sadness": 0.0034354825038462877,
    "desire": 0.002868162002414465,
    "anger": 0.0028079610783606768,
    "pride": 0.0027859860565513372,
    "curiosity": 0.0023526533041149378,
    "disappointment": 0.0016292848158627748,
    "nervousness": 0.0014865361154079437,
    "surprise": 0.001395588624291122,
    "grief": 0.0008825801778584719,
    "remorse": 0.0007932274602353573,
    "fear": 0.000783441006205976,
    "embarrassment": 0.0006111652473919094,
    "disgust": 0.0006029572105035186
}