{
    "neutral": 0.8294285535812378,
    "excitement": 0.039595335721969604,
    "approval": 0.013823125511407852,
    "joy": 0.01111509744077921,
    "desire": 0.009530098177492619,
    "amusement": 0.006520741153508425,
    "optimism": 0.006298428401350975,
    "curiosity": 0.005191089119762182,
    "admiration": 0.004941372200846672,
    "annoyance": 0.004270701203495264,
    "love": 0.0026943946722894907,
    "realization": 0.0020560717675834894,
    "caring": 0.0019409095402806997,
    "anger": 0.001835741219110787,
    "confusion": 0.00156847492326051,
    "surprise": 0.0011860150843858719,
    "disappointment": 0.0011333341244608164,
    "sadness": 0.001096312771551311,
    "fear": 0.0010555293411016464,
    "disgust": 0.001048438367433846,
    "gratitude": 0.0010175103088840842,
    "disapproval": 0.0006447305786423385,
    "pride": 0.0005357999471016228,
    "relief": 0.000526607793290168,
    "nervousness": 0.0004518816713243723,
    "embarrassment": 0.000368788925698027,
    "remorse": 0.00031913057318888605,
    "grief": 0.00027344649424776435
}