{
    "anger": 0.907417356967926,
    "disappointment": 0.07299411296844482,
    "grief": 0.03323797509074211,
    "neutral": 0.030453231185674667,
    "annoyance": 0.016950447112321854,
    "sadness": 0.010483826510608196,
    "disgust": 0.010093235410749912,
    "desire": 0.010077244602143764,
    "realization": 0.01001803856343031,
    "love": 0.009932151064276695,
    "remorse": 0.009810789488255978,
    "disapproval": 0.008113529533147812,
    "caring": 0.007207674905657768,
    "fear": 0.007010308094322681,
    "nervousness": 0.006215213797986507,
    "amusement": 0.006073180586099625,
    "curiosity": 0.005885762628167868,
    "joy": 0.005719983484596014,
    "approval": 0.005652020685374737,
    "admiration": 0.004989892244338989,
    "surprise": 0.004256498534232378,
    "confusion": 0.002950492547824979,
    "excitement": 0.0026144450530409813,
    "gratitude": 0.0024909651838243008,
    "optimism": 0.002419359516352415,
    "embarrassment": 0.002149807522073388,
    "relief": 0.0015435059322044253,
    "pride": 0.0004393036069814116
}