{
    "sadness": 0.8419011831283569,
    "disappointment": 0.1066896840929985,
    "remorse": 0.04454494267702103,
    "neutral": 0.03206798434257507,
    "grief": 0.015541093423962593,
    "annoyance": 0.013789871707558632,
    "disapproval": 0.007889867760241032,
    "approval": 0.007398730143904686,
    "realization": 0.007291044574230909,
    "caring": 0.006945538334548473,
    "amusement": 0.006168801803141832,
    "joy": 0.0050757150165736675,
    "admiration": 0.004380933009088039,
    "anger": 0.004284115508198738,
    "love": 0.003995210863649845,
    "disgust": 0.0036473157815635204,
    "curiosity": 0.003384725656360388,
    "embarrassment": 0.0032640050631016493,
    "nervousness": 0.003003021003678441,
    "gratitude": 0.002686860738322139,
    "confusion": 0.0024005647283047438,
    "optimism": 0.002098908880725503,
    "desire": 0.002034588484093547,
    "relief": 0.0014437022618949413,
    "fear": 0.0013259748229756951,
    "surprise": 0.0012587010860443115,
    "excitement": 0.0011458790395408869,
    "pride": 0.00028550077695399523
}